Id,Date,TIBR,TIBR1M,TIBR3M,TIBR6M,TIBRCI
4392,2/23/2026,,8.0255,,,
4391,2/20/2026,,8.0257,,,
4390,2/19/2026,,8.0248,,,
4389,2/18/2026,,8.0239,,,
4388,2/17/2026,,8.0230,,,
4387,2/16/2026,,8.0253,,,
4386,2/13/2026,,8.0255,,,
4385,2/12/2026,,8.0255,,,
4384,2/11/2026,,8.0246,,,
4383,2/10/2026,,8.0237,,,
4382,2/9/2026,,8.0253,,,
4381,2/6/2026,,8.0254,,,
4380,2/5/2026,,8.0254,,,
4379,2/4/2026,,8.0245,,,
4378,2/3/2026,,8.0236,,,
4377,2/2/2026,,8.0227,,,
4376,1/30/2026,,8.0250,,,
4375,1/29/2026,,8.0250,,,
4374,1/28/2026,,8.0241,,,
4373,1/27/2026,,8.0232,,,
4372,1/26/2026,,8.0249,,,
4371,1/23/2026,,8.0250,,,
4370,1/22/2026,,8.0250,,,
4369,1/21/2026,,8.0241,,,
4368,1/20/2026,,8.0232,,,
4367,1/16/2026,,8.0252,,,
4366,1/15/2026,,8.0252,,,
4365,1/14/2026,,8.0243,,,
4364,1/13/2026,,8.0234,,,
4363,1/12/2026,,8.0250,,,
4362,1/9/2026,,8.0252,,,
4361,1/8/2026,,8.0252,,,
4360,1/6/2026,,8.0234,,,
4359,1/5/2026,,8.0251,,,
4358,12/31/2025,,8.0248,,,
4357,12/30/2025,,8.0239,,,
4356,12/29/2025,,8.0230,,,
4355,12/26/2025,,8.0248,,,
4354,12/25/2025,,8.0248,,,
4353,12/24/2025,,8.0248,,,
4352,12/23/2025,,8.0239,,,
4351,12/22/2025,,8.0230,,,
4350,12/19/2025,,8.0248,,,
4349,12/18/2025,,8.0248,,,
4348,12/17/2025,,8.0248,,,
4347,12/16/2025,,8.0239,,,
4346,12/15/2025,,8.0230,,,
4345,12/12/2025,,8.0248,,,
4344,12/11/2025,,8.0248,,,
4343,12/10/2025,,8.0248,,,
4342,12/9/2025,,8.0239,,,
4341,12/8/2025,,8.0230,,,
4340,12/5/2025,,8.0248,,,
4339,12/4/2025,,8.0248,,,
4338,12/3/2025,,8.0248,,,
4337,12/2/2025,,8.0239,,,
4336,12/1/2025,,8.0230,,,
4335,11/28/2025,,8.0257,,,
4334,11/27/2025,,8.0257,,,
4333,11/26/2025,,8.0248,,,
4332,11/25/2025,,8.0239,,,
4331,11/24/2025,,8.0255,,,
4330,11/21/2025,,8.0257,,,
4329,11/20/2025,,8.0257,,,
4328,11/19/2025,,8.0248,,,
4327,11/18/2025,,8.0239,,,
4326,11/17/2025,,8.0255,,,
4325,11/14/2025,,8.0248,,,
4324,11/13/2025,,8.0256,,,
4323,11/12/2025,,8.0247,,,
4322,11/11/2025,,8.0238,,,
4321,11/10/2025,,8.0254,,,
4320,11/7/2025,,8.0256,,,
4319,11/6/2025,,8.0256,,,
4318,11/5/2025,,8.0247,,,
4317,11/4/2025,,8.0238,,,
4316,11/3/2025,,8.0254,,,
4315,10/31/2025,,8.0247,,,
4314,10/30/2025,,8.0247,,,
4313,10/29/2025,,8.0247,,,
4312,10/28/2025,,8.0238,,,
4311,10/27/2025,,8.0229,,,
4310,10/24/2025,,8.0247,,,
4309,10/23/2025,,8.0247,,,
4308,10/22/2025,,8.0247,,,
4307,10/21/2025,,8.0238,,,
4306,10/20/2025,,8.0229,,,
4305,10/17/2025,,8.0247,,,
4304,10/16/2025,,8.0247,,,
4303,10/15/2025,,8.0247,,,
4302,10/13/2025,,8.0230,,,
4301,10/10/2025,,8.0248,,,
4300,10/9/2025,,8.0248,,,
4299,10/8/2025,,8.0248,,,
4298,10/7/2025,,8.0239,,,
4297,10/6/2025,,8.0230,,,
4296,10/3/2025,,8.0248,,,
4295,10/2/2025,,8.0248,,,
4294,10/1/2025,,8.0248,,,
4293,9/30/2025,,8.0239,,,
4292,9/29/2025,,8.0255,,,
4291,9/26/2025,,8.0256,,,
4290,9/25/2025,,8.0256,,,
4289,9/24/2025,,8.0247,,,
4288,9/23/2025,,8.0238,,,
4287,9/22/2025,,8.0254,,,
4286,9/19/2025,,8.0256,,,
4285,9/18/2025,,8.0256,,,
4284,9/17/2025,,8.0247,,,
4283,9/16/2025,,8.0238,,,
4282,9/15/2025,,8.0254,,,
4281,9/12/2025,,8.0256,,,
4280,9/11/2025,,8.0256,,,
4279,9/10/2025,,8.0247,,,
4278,9/9/2025,,8.0238,,,
4277,9/8/2025,,8.0254,,,
4276,9/5/2025,,8.0256,,,
4275,9/4/2025,,8.0256,,,
4274,9/3/2025,,8.0247,,,
4273,9/2/2025,,8.0238,,,
4272,9/1/2025,,8.0254,,,
4271,8/29/2025,,8.0256,,,
4270,8/27/2025,,8.0248,,,
4269,8/26/2025,,8.0239,,,
4268,8/25/2025,,8.0255,,,
4267,8/22/2025,,8.0257,,,
4266,8/21/2025,,8.0257,,,
4265,8/20/2025,,8.0248,,,
4264,8/19/2025,,8.0239,,,
4263,8/18/2025,,8.0255,,,
4262,8/15/2025,,8.0257,,,
4261,8/14/2025,,8.0257,,,
4260,8/13/2025,,8.0248,,,
4259,8/12/2025,,8.0239,,,
4258,8/11/2025,,8.0255,,,
4257,8/8/2025,,8.0257,,,
4256,8/7/2025,,8.0257,,,
4255,8/6/2025,,8.0248,,,
4254,8/5/2025,,8.0239,,,
4253,8/4/2025,,8.0255,,,
4252,8/1/2025,,8.0257,,,
4251,7/31/2025,,8.0248,,,
4250,7/30/2025,,8.0248,,,
4249,7/29/2025,,8.0239,,,
4248,7/28/2025,,8.0230,,,
4247,7/25/2025,,8.0248,,,
4246,7/24/2025,,8.0248,,,
4245,7/23/2025,,8.0248,,,
4244,7/22/2025,,8.0239,,,
4242,7/21/2025,,8.0230,,,
4241,7/18/2025,,8.0248,,,
4240,7/17/2025,,8.0248,,,
4239,7/16/2025,,8.0248,,,
4238,7/15/2025,,8.0239,,,
4237,7/14/2025,,8.0230,,,
4236,7/11/2025,,8.0248,,,
4235,7/10/2025,,8.0248,,,
4234,7/9/2025,,8.0248,,,
4233,7/8/2025,,8.0239,,,
4232,7/7/2025,,8.0230,,,
4231,7/4/2025,,8.0248,,,
4219,7/3/2025,,8.0248,,,
4218,7/2/2025,,8.0248,,,
4217,7/1/2025,,8.0239,,,
4216,6/30/2025,,8.0255,,,
4215,6/27/2025,,8.0257,,,
4214,6/26/2025,,8.0248,,,
4213,6/25/2025,,8.0239,,,
4212,6/24/2025,,8.0230,,,
4211,6/23/2025,,8.0253,,,
4210,6/20/2025,,8.0255,,,
4209,6/19/2025,,8.0255,,,
4208,6/18/2025,,8.0246,,,
4207,6/17/2025,,8.0237,,,
4206,6/16/2025,,8.0253,,,
4205,6/13/2025,,8.0255,,,
4204,6/12/2025,,8.0246,,,
4203,6/11/2025,,8.0237,,,
4202,6/10/2025,,8.0228,,,
4201,6/9/2025,,8.0219,,,
4200,6/6/2025,,8.0251,,,
4199,6/5/2025,,8.0251,,,
4198,6/4/2025,,8.0242,,,
4197,6/3/2025,,8.0233,,,
4196,6/2/2025,,8.0249,,,
4195,5/30/2025,,8.0242,,,
4194,5/29/2025,,8.0242,,,
4193,5/28/2025,,8.0242,,,
4192,5/27/2025,,8.0233,,,
4191,5/23/2025,,8.0250,,,
4190,5/22/2025,,8.0284,,,
4189,5/21/2025,,8.0276,,,
4188,5/20/2025,,8.0268,,,
4187,5/19/2025,,8.0261,,,
4186,5/16/2025,,8.0313,,,
4185,5/15/2025,,8.0380,,,
4184,5/14/2025,,8.0447,,,
4183,5/13/2025,,8.0445,,,
4182,5/8/2025,,8.0867,,,
4181,5/7/2025,,8.0957,,,
4180,5/6/2025,,8.0973,,,
4179,5/5/2025,,8.0990,,,
4178,5/2/2025,,8.1414,,,
4177,5/1/2025,,8.1501,,,
4176,4/30/2025,,8.1591,,,
4175,4/29/2025,,8.1628,,,
4174,4/28/2025,,8.1819,,,
4173,4/25/2025,,8.2100,,,
4172,4/24/2025,,8.2190,,,
4171,4/23/2025,,8.2239,,,
4170,4/22/2025,,8.2263,,,
4169,4/17/2025,,8.2808,,,
4168,4/16/2025,,8.2850,,,
4167,4/15/2025,,8.2861,,,
4166,4/14/2025,,8.2936,,,
4165,4/11/2025,,8.3026,,,
4164,4/10/2025,,8.3052,,,
4163,4/8/2025,,8.3073,,,
4162,4/7/2025,,8.3132,,,
4161,4/4/2025,,8.3163,,,
4160,4/3/2025,,8.3159,,,
4159,4/2/2025,,8.3153,,,
4158,4/1/2025,,8.3154,,,
4157,3/31/2025,,8.3152,,,
4156,3/28/2025,,8.3180,,,
4155,3/27/2025,,8.3173,,,
4154,3/26/2025,,8.3166,,,
4153,3/25/2025,,8.3159,,,
4152,3/24/2025,,8.3155,,,
4151,3/21/2025,,8.3123,,,
4150,3/20/2025,,8.3123,,,
4149,3/19/2025,,8.3127,,,
4148,3/18/2025,,8.3091,,,
4147,3/17/2025,,8.3069,,,
4146,3/14/2025,,8.3015,,,
4145,3/13/2025,,8.3001,,,
4144,3/12/2025,,8.2979,,,
4143,3/11/2025,,8.2958,,,
4142,3/10/2025,,8.2947,,,
4141,3/7/2025,,8.2872,,,
4140,3/6/2025,,8.2843,,,
4139,3/5/2025,,8.2821,,,
4138,3/4/2025,,8.2832,,,
4137,2/28/2025,,8.2906,,,
4136,2/27/2025,,8.2948,,,
4135,2/26/2025,,8.2941,,,
4134,2/25/2025,,8.2927,,,
4133,2/24/2025,,8.3073,,,
4132,2/21/2025,,8.3250,,,
4131,2/20/2025,,8.3325,,,
4130,2/19/2025,,8.3330,,,
4129,2/18/2025,,8.3340,,,
4128,2/17/2025,,8.3554,,,
4127,2/14/2025,,8.3737,,,
4126,2/13/2025,,8.3806,,,
4125,2/12/2025,,8.3840,,,
4124,2/11/2025,,8.3864,,,
4123,2/10/2025,,8.4015,,,
4122,2/7/2025,,8.4213,,,
4121,2/6/2025,,8.4338,,,
4120,2/5/2025,,8.4383,,,
4119,2/4/2025,,8.4412,,,
4118,2/3/2025,,8.4557,,,
4117,1/31/2025,,8.4761,,,
4116,1/30/2025,,8.4839,,,
4115,1/29/2025,,8.4881,,,
4114,1/28/2025,,8.4892,,,
4113,1/27/2025,,8.4941,,,
4112,1/24/2025,,8.5040,,,
4111,1/23/2025,,8.5076,,,
4110,1/22/2025,,8.5089,,,
4109,1/21/2025,,8.5076,,,
4108,1/20/2025,,8.5110,,,
4107,1/17/2025,,8.5112,,,
4106,1/16/2025,,8.5128,,,
4105,1/15/2025,,8.5133,,,
4104,1/14/2025,,8.5145,,,
4103,1/13/2025,,8.5191,,,
4102,1/10/2025,,8.5232,,,
4101,1/9/2025,,8.5235,,,
4100,1/8/2025,,8.5223,,,
4098,1/6/2025,,8.5234,,,
4097,1/3/2025,,8.5174,,,
4096,12/31/2024,,8.5158,,,
4095,12/30/2024,,8.5148,,,
4094,12/27/2024,,8.5206,,,
4093,12/26/2024,,8.5206,,,
4092,12/25/2024,,8.5179,,,
4091,12/24/2024,,8.5165,,,
4090,12/23/2024,,8.5151,,,
4089,12/20/2024,,8.4746,,,
4088,12/19/2024,,8.4609,,,
4087,12/18/2024,,8.4501,,,
4086,12/17/2024,,8.4468,,,
4085,12/16/2024,,8.4429,,,
4084,12/13/2024,,8.3891,,,
4083,12/12/2024,,8.3780,,,
4082,12/11/2024,,8.3626,,,
4081,12/10/2024,,8.3559,,,
4080,12/9/2024,,8.3488,,,
4079,12/6/2024,,8.2841,,,
4078,12/5/2024,,8.2700,,,
4077,12/4/2024,,8.2569,,,
4076,12/3/2024,,8.2507,,,
4075,12/2/2024,,8.2399,,,
4074,11/29/2024,,8.1825,,,
4073,11/28/2024,,8.1663,,,
4072,11/27/2024,,8.1532,,,
4071,11/26/2024,,8.1394,,,
4070,11/25/2024,,8.1200,,,
4069,11/22/2024,,8.0965,,,
4068,11/21/2024,,8.0887,,,
4067,11/20/2024,,8.0825,,,
4066,11/19/2024,,8.0808,,,
4065,11/18/2024,,8.0732,,,
4064,11/15/2024,,8.0607,,,
4063,11/14/2024,,8.0573,,,
4062,11/13/2024,,8.0516,,,
4061,11/12/2024,,8.0456,,,
4060,11/11/2024,,8.0445,,,
4059,11/8/2024,,8.0408,,,
4058,11/7/2024,,8.0395,,,
4057,11/6/2024,,8.0390,,,
4056,11/5/2024,,8.0358,,,
4055,11/4/2024,,8.0354,,,
4054,11/1/2024,,8.0336,,,
4053,10/31/2024,,8.0323,,,
4052,10/30/2024,,8.0266,,,
4051,10/29/2024,,8.0244,,,
4050,10/28/2024,,8.0235,,,
4049,10/25/2024,,8.0256,,,
4048,10/24/2024,,8.0256,,,
4047,10/23/2024,,8.0256,,,
4046,10/22/2024,,8.0240,,,
4045,10/21/2024,,8.0231,,,
4044,10/18/2024,,8.0249,,,
4043,10/17/2024,,8.0249,,,
4041,10/16/2024,,8.0249,,,
4040,10/15/2024,,8.0240,,,
4039,10/11/2024,,8.0251,,,
4038,10/10/2024,,8.0251,,,
4037,10/9/2024,,8.0251,,,
4036,10/8/2024,,8.0242,,,
4035,10/7/2024,,8.0233,,,
4034,10/4/2024,,8.0251,,,
4033,10/3/2024,,8.0251,,,
4032,10/2/2024,,8.0251,,,
4031,10/1/2024,,8.0242,,,
4030,9/30/2024,,8.0258,,,
4029,9/27/2024,,8.0259,,,
4028,9/26/2024,,8.0259,,,
4027,9/25/2024,,8.0247,,,
4026,9/24/2024,,8.0238,,,
4025,9/23/2024,,8.0254,,,
4024,9/20/2024,,8.0256,,,
4023,9/19/2024,,8.0256,,,
4022,9/18/2024,,8.0247,,,
4021,9/17/2024,,8.0238,,,
4020,9/16/2024,,8.0254,,,
4019,9/13/2024,,8.0256,,,
4018,9/12/2024,,8.0259,,,
4017,9/11/2024,,8.0250,,,
4016,9/10/2024,,8.0242,,,
4015,9/9/2024,,8.0258,,,
4014,9/6/2024,,8.0259,,,
4013,9/5/2024,,8.0259,,,
4012,9/4/2024,,8.0250,,,
4011,9/3/2024,,8.0242,,,
4010,9/2/2024,,8.0258,,,
4009,8/30/2024,,8.0259,,,
4008,8/29/2024,,8.0259,,,
4007,8/27/2024,,8.0242,,,
4006,8/26/2024,,8.0258,,,
4005,8/23/2024,,8.0260,,,
4004,8/22/2024,,8.0260,,,
4003,8/21/2024,,8.0251,,,
4001,8/20/2024,,8.0242,,,
4002,8/20/2024,,8.0242,,,
4000,8/19/2024,,8.0258,,,
3999,8/16/2024,,8.0260,,,
3998,8/15/2024,,8.0260,,,
3997,8/14/2024,,8.0251,,,
3996,8/13/2024,,8.0242,,,
3995,8/12/2024,,8.0255,,,
3994,8/9/2024,,8.0257,,,
3993,8/8/2024,,8.0257,,,
3992,8/7/2024,,8.0248,,,
3991,8/6/2024,,8.0239,,,
3990,8/5/2024,,8.0255,,,
3989,8/2/2024,,8.0257,,,
3988,8/1/2024,,8.0257,,,
3987,7/31/2024,,8.0248,,,
3986,7/30/2024,,8.0239,,,
3985,7/29/2024,,8.0230,,,
3984,7/26/2024,,8.0248,,,
3983,7/25/2024,,8.0248,,,
3982,7/24/2024,,8.0248,,,
3981,7/23/2024,,8.0239,,,
3980,7/22/2024,,8.0230,,,
3979,7/19/2024,,8.0248,,,
3978,7/18/2024,,8.0248,,,
3977,7/17/2024,,8.0248,,,
3976,7/16/2024,,8.0239,,,
3975,7/15/2024,,8.0230,,,
3974,7/12/2024,,8.0248,,,
3972,7/11/2024,,8.0248,,,
3971,7/10/2024,,8.0248,,,
3970,7/9/2024,,8.0239,,,
3969,7/8/2024,,8.0230,,,
3968,7/5/2024,,8.0248,,,
3967,7/4/2024,,8.0248,,,
3966,7/3/2024,,8.0248,,,
3965,7/2/2024,,8.0239,,,
3964,7/1/2024,,8.0230,,,
3963,6/28/2024,,8.0257,,,
3962,6/27/2024,,8.0257,,,
3961,6/26/2024,,8.0248,,,
3960,6/25/2024,,8.0239,,,
3959,6/24/2024,,8.0255,,,
3958,6/21/2024,,8.0419,,,
3957,6/20/2024,,8.0504,,,
3956,6/20/2024,,8.0504,,,
3955,6/19/2024,,8.0503,,,
3954,6/18/2024,,8.0502,,,
3953,6/17/2024,,8.0745,,,
3952,6/14/2024,,8.0990,,,
3951,6/13/2024,,8.1072,,,
3950,6/12/2024,,8.1090,,,
3949,6/11/2024,,8.1109,,,
3948,6/10/2024,,8.1313,,,
3947,6/7/2024,,8.1558,,,
3946,6/6/2024,,8.1592,,,
3945,6/5/2024,,8.1629,,,
3944,6/4/2024,,8.1669,,,
3943,6/3/2024,,8.1879,,,
3942,5/31/2024,,8.2093,,,
3941,5/30/2024,,8.2177,,,
3940,5/29/2024,,8.2261,,,
3939,5/28/2024,,8.2321,,,
3938,5/27/2024,,8.2386,,,
3937,5/24/2024,,8.2680,,,
3936,5/23/2024,,8.2764,,,
3935,5/22/2024,,8.2764,,,
3934,5/21/2024,,8.2755,,,
3933,5/20/2024,,8.2742,,,
3932,5/17/2024,,8.2761,,,
3931,5/16/2024,,8.2761,,,
3930,5/15/2024,,8.2761,,,
3929,5/14/2024,,8.2751,,,
3928,5/13/2024,,8.2742,,,
3927,5/10/2024,,8.2764,,,
3926,5/8/2024,,8.2764,,,
3925,5/7/2024,,8.2755,,,
3924,5/3/2024,,8.2766,,,
3923,5/2/2024,,8.2766,,,
3922,5/1/2024,,8.2766,,,
3921,4/30/2024,,8.2757,,,
3920,4/29/2024,,8.2774,,,
3919,4/26/2024,,8.2776,,,
3918,4/25/2024,,8.2776,,,
3917,4/24/2024,,8.2766,,,
3916,4/23/2024,,8.2757,,,
3915,4/22/2024,,8.2774,,,
3913,4/19/2024,,8.2776,,,
3914,4/19/2024,,8.2776,,,
3912,4/18/2024,,8.2776,,,
3911,4/17/2024,,8.2766,,,
3910,4/16/2024,,8.2757,,,
3909,4/15/2024,,8.2774,,,
3908,4/12/2024,,8.3263,,,
3907,4/11/2024,,8.3506,,,
3906,4/10/2024,,8.3518,,,
3905,4/8/2024,,8.3553,,,
3904,4/5/2024,,8.4963,,,
3903,4/4/2024,,8.5207,,,
3902,4/3/2024,,8.5278,,,
3901,4/2/2024,,8.5354,,,
3900,4/1/2024,,8.5935,,,
3899,3/29/2024,,8.6395,,,
3898,3/28/2024,,8.6655,,,
3897,3/27/2024,,8.6916,,,
3896,3/26/2024,,8.7176,,,
3895,3/25/2024,,8.7323,,,
3894,3/22/2024,,8.8217,,,
3893,3/21/2024,,8.8477,,,
3892,3/20/2024,,8.8738,,,
3891,3/19/2024,,8.8998,,,
3890,3/18/2024,,8.9210,,,
3889,3/15/2024,,9.0039,,,
3888,3/14/2024,,9.0300,,,
3887,3/13/2024,,9.0300,,,
3886,3/12/2024,,9.0300,,,
3885,3/11/2024,,9.0288,,,
3884,3/7/2024,,9.0302,,,
3883,3/6/2024,,9.0302,,,
3882,3/5/2024,,9.0302,,,
3881,3/4/2024,,9.0291,,,
3880,3/1/2024,,9.0302,,,
3879,2/29/2024,,9.0806,,,
3878,2/28/2024,,9.0810,,,
3877,2/27/2024,,9.0816,,,
3876,2/26/2024,,9.1291,,,
3875,2/23/2024,,9.1781,,,
3874,2/22/2024,,9.1943,,,
3873,2/21/2024,,9.1985,,,
3872,2/20/2024,,9.2031,,,
3871,2/19/2024,,9.2081,,,
3870,2/16/2024,,9.2916,,,
3869,2/15/2024,,9.3078,,,
3868,2/14/2024,,9.3158,,,
3867,2/13/2024,,9.3244,,,
3866,2/12/2024,,9.3563,,,
3865,2/9/2024,,9.4069,,,
3864,2/8/2024,,9.4248,,,
3863,2/7/2024,,9.4367,,,
3862,2/6/2024,,9.4494,,,
3861,2/5/2024,,9.4782,,,
3860,2/2/2024,,9.5256,,,
3859,2/1/2024,,9.5414,,,
3858,1/31/2024,,9.5411,,,
3857,1/30/2024,,9.5402,,,
3856,1/29/2024,,9.5433,,,
3855,1/26/2024,,9.5435,,,
3854,1/25/2024,,9.5435,,,
3853,1/24/2024,,9.5425,,,
3852,1/23/2024,,9.5415,,,
3851,1/22/2024,,9.5433,,,
3850,1/18/2024,,9.5925,,,
3849,1/17/2024,,9.5931,,,
3848,1/16/2024,,9.5939,,,
3847,1/15/2024,,9.6411,,,
3846,1/12/2024,,9.6901,,,
3845,1/11/2024,,9.7063,,,
3844,1/10/2024,,9.7107,,,
3843,1/9/2024,,9.7137,,,
3842,1/8/2024,,9.7516,,,
3841,1/5/2024,,9.7957,,,
3840,1/4/2024,,9.8120,,,
3839,1/3/2024,,9.8198,,,
3838,12/29/2023,,9.9044,,,
3837,12/28/2023,,9.9212,,,
3836,12/27/2023,,9.9380,,,
3835,12/26/2023,,9.9505,,,
3834,12/25/2023,,9.9640,,,
3833,12/22/2023,,10.0218,,,
3832,12/21/2023,,10.0386,,,
3831,12/20/2023,,10.0386,,,
3830,12/19/2023,,10.0372,,,
3829,12/18/2023,,10.0358,,,
3828,12/15/2023,,10.0386,,,
3827,12/14/2023,,10.0386,,,
3826,12/13/2023,,10.0386,,,
3825,12/12/2023,,10.0372,,,
3824,12/11/2023,,10.0358,,,
3823,12/8/2023,,10.0386,,,
3822,12/7/2023,,10.0386,,,
3821,12/6/2023,,10.0386,,,
3820,12/5/2023,,10.0372,,,
3819,12/4/2023,,10.0358,,,
3818,12/1/2023,,10.0386,,,
3817,11/30/2023,,10.0400,,,
3816,11/29/2023,,10.0386,,,
3815,11/28/2023,,10.0372,,,
3814,11/27/2023,,10.0398,,,
3813,11/24/2023,,10.0400,,,
3812,11/22/2023,,10.0387,,,
3811,11/21/2023,,10.0373,,,
3810,11/20/2023,,10.0399,,,
3809,11/17/2023,,10.0401,,,
3808,11/16/2023,,10.0401,,,
3807,11/15/2023,,10.0387,,,
3806,11/14/2023,,10.0373,,,
3805,11/13/2023,,10.0399,,,
3804,11/10/2023,,10.0401,,,
3803,11/9/2023,,10.0401,,,
3802,11/8/2023,,10.0387,,,
3801,11/7/2023,,10.0373,,,
3800,11/6/2023,,10.0399,,,
3799,11/3/2023,,10.0401,,,
3798,11/2/2023,,10.0401,,,
3797,11/1/2023,,10.0387,,,
3796,10/31/2023,,10.0373,,,
3795,10/30/2023,,10.0359,,,
3794,10/27/2023,,10.0387,,,
3793,10/26/2023,,10.0387,,,
3792,10/25/2023,,10.0387,,,
3791,10/24/2023,,10.0373,,,
3790,10/23/2023,,10.0359,,,
3789,10/20/2023,,10.0387,,,
3788,10/19/2023,,10.0387,,,
3787,10/18/2023,,10.0397,,,
3786,10/17/2023,,10.0384,,,
3785,10/16/2023,,10.0370,,,
3784,10/13/2023,,10.0481,,,
3783,10/12/2023,,10.0565,,,
3782,10/11/2023,,10.0649,,,
3781,10/10/2023,,10.0644,,,
3780,10/9/2023,,10.0640,,,
3779,10/6/2023,,10.1069,,,
3778,10/5/2023,,10.1153,,,
3777,10/4/2023,,10.1237,,,
3776,10/3/2023,,10.1252,,,
3775,10/2/2023,,10.1269,,,
3774,9/29/2023,,10.1712,,,
3773,9/28/2023,,10.1741,,,
3772,9/27/2023,,10.1773,,,
3771,9/26/2023,,10.1809,,,
3769,9/25/2023,,10.2032,,,
3768,9/22/2023,,10.2278,,,
3767,9/21/2023,,10.2360,,,
3766,9/20/2023,,10.2410,,,
3765,9/19/2023,,10.2465,,,
3764,9/18/2023,,10.2591,,,
3763,9/14/2023,,10.2838,,,
3762,9/14/2023,,10.2919,,,
3761,9/13/2023,,10.2904,,,
3760,9/12/2023,,10.2889,,,
3759,9/11/2023,,10.2916,,,
3758,9/8/2023,,10.2919,,,
3757,9/7/2023,,10.2919,,,
3756,9/6/2023,,10.2904,,,
3755,9/5/2023,,10.2889,,,
3754,9/4/2023,,10.2916,,,
3753,9/1/2023,,10.3082,,,
3752,8/31/2023,,10.3163,,,
3751,8/30/2023,,10.3156,,,
3750,8/29/2023,,10.3150,,,
3749,8/25/2023,,10.3654,,,
3748,8/24/2023,,10.3735,,,
3747,8/23/2023,,10.3747,,,
3746,8/22/2023,,10.3761,,,
3745,8/21/2023,,10.3976,,,
3744,8/18/2023,,10.4203,,,
3743,8/17/2023,,10.4272,,,
3742,8/16/2023,,10.4301,,,
3741,8/15/2023,,10.4334,,,
3740,8/14/2023,,10.4483,,,
3739,8/11/2023,,10.4704,,,
3738,8/10/2023,,10.4785,,,
3737,8/9/2023,,10.4832,,,
3736,8/8/2023,,10.4883,,,
3735,8/7/2023,,10.5027,,,
3734,8/4/2023,,10.5260,,,
3733,8/3/2023,,10.5342,,,
3732,8/2/2023,,10.5323,,,
3731,8/1/2023,,10.5304,,,
3730,7/31/2023,,10.5284,,,
3729,7/28/2023,,10.5323,,,
3728,7/27/2023,,10.5323,,,
3727,7/26/2023,,10.5323,,,
3726,7/25/2023,,10.5304,,,
3725,7/24/2023,,10.5284,,,
3724,7/21/2023,,10.5323,,,
3723,7/20/2023,,10.5323,,,
3722,7/19/2023,,10.5333,,,
3721,7/18/2023,,10.5324,,,
3720,7/17/2023,,10.5320,,,
3719,7/14/2023,,10.5387,,,
3718,7/13/2023,,10.5393,,,
3717,7/12/2023,,10.5414,,,
3716,7/11/2023,,10.5397,,,
3715,7/10/2023,,10.5381,,,
3714,7/7/2023,,10.5414,,,
3713,7/6/2023,,10.5417,,,
3712,7/5/2023,,10.5424,,,
3711,7/4/2023,,10.5415,,,
3710,7/3/2023,,10.5399,,,
3709,6/30/2023,,10.5446,,,
3708,6/29/2023,,10.5452,,,
3707,6/28/2023,,10.5437,,,
3706,6/27/2023,,10.5422,,,
3705,6/26/2023,,10.5407,,,
3704,6/23/2023,,10.5475,,,
3703,6/22/2023,,10.5475,,,
3702,6/21/2023,,10.5461,,,
3701,6/20/2023,,10.5446,,,
3700,6/19/2023,,10.5472,,,
3699,6/16/2023,,10.5531,,,
3698,6/15/2023,,10.5553,,,
3697,6/14/2023,,10.5542,,,
3696,6/13/2023,,10.5530,,,
3695,6/12/2023,,10.5518,,,
3694,6/9/2023,,10.5827,,,
3693,6/8/2023,,10.6155,,,
3692,6/7/2023,,10.6163,,,
3691,6/6/2023,,10.6172,,,
3690,6/5/2023,,10.6636,,,
3689,6/2/2023,,10.7130,,,
3688,6/1/2023,,10.7293,,,
3687,5/31/2023,,10.7339,,,
3686,5/30/2023,,10.7389,,,
3685,5/29/2023,,10.7436,,,
3684,5/25/2023,,10.8327,,,
3683,5/24/2023,,10.8511,,,
3682,5/23/2023,,10.8601,,,
3681,5/22/2023,,10.8699,,,
3680,5/19/2023,,10.9382,,,
3679,5/18/2023,,10.9540,,,
3678,5/17/2023,,10.9641,,,
3677,5/16/2023,,10.9750,,,
3676,5/15/2023,,10.9868,,,
3675,5/11/2023,,11.0520,,,
3674,5/10/2023,,11.0520,,,
3673,5/8/2023,,11.0491,,,
3672,5/5/2023,,11.0521,,,
3671,5/4/2023,,11.0521,,,
3670,5/3/2023,,11.0521,,,
3669,5/2/2023,,11.0503,,,
3668,5/1/2023,,11.0487,,,
3667,4/28/2023,,11.0534,,,
3666,4/27/2023,,11.0527,,,
3665,4/26/2023,,11.0511,,,
3664,4/25/2023,,11.0492,,,
3663,4/24/2023,,11.0504,,,
3662,4/21/2023,,11.0488,,,
3661,4/20/2023,,11.0481,,,
3660,4/19/2023,,11.0461,,,
3659,4/18/2023,,11.0443,,,
3658,4/13/2023,,11.0486,,,
3657,4/12/2023,,11.0469,,,
3656,4/11/2023,,11.0452,,,
3655,4/10/2023,,11.0483,,,
3654,4/7/2023,,11.0485,,,
3653,4/6/2023,,11.0485,,,
3652,4/5/2023,,11.0468,,,
3651,4/4/2023,,11.0450,,,
3650,4/3/2023,,11.0433,,,
3649,3/31/2023,,11.0464,,,
3648,3/30/2023,,11.0447,,,
3645,3/29/2023,,11.0430,,,
3647,3/28/2023,,11.0430,,,
3646,3/27/2023,,11.0430,,,
3644,3/24/2023,,11.0430,,,
3643,3/23/2023,,11.0430,,,
3642,3/22/2023,,11.0430,,,
3641,3/21/2023,,11.0430,,,
3640,3/20/2023,,11.0440,,,
3639,3/17/2023,,11.0440,,,
3638,3/16/2023,,11.0440,,,
3637,3/15/2023,,11.0440,,,
3636,3/14/2023,,11.0440,,,
3635,3/13/2023,,11.0440,,,
3634,3/10/2023,,11.0440,,,
3633,3/9/2023,,11.0440,,,
3632,3/7/2023,,11.0442,,,
3631,3/6/2023,,11.0442,,,
3630,3/2/2023,,11.0445,,,
3629,3/1/2023,,11.0445,,,
3628,2/28/2023,,11.0462,,,
3627,2/27/2023,,11.0492,,,
3626,2/24/2023,,11.0496,,,
3625,2/23/2023,,11.0496,,,
3624,2/22/2023,,11.0479,,,
3623,2/21/2023,,11.0462,,,
3622,2/20/2023,,11.0483,,,
3621,2/17/2023,,11.0485,,,
3620,2/16/2023,,11.0485,,,
3619,2/15/2023,,11.0468,,,
3618,2/14/2023,,11.0450,,,
3617,2/13/2023,,11.0481,,,
3616,2/10/2023,,11.0485,,,
3615,2/9/2023,,11.0485,,,
3614,2/8/2023,,11.0468,,,
3613,2/7/2023,,11.0450,,,
3612,2/6/2023,,11.0481,,,
3611,2/3/2023,,11.0478,,,
3610,2/2/2023,,11.0461,,,
3609,2/1/2023,,11.0443,,,
3608,1/31/2023,,11.0426,,,
3607,1/30/2023,,11.0472,,,
3606,1/27/2023,,11.0465,,,
3605,1/26/2023,,11.0449,,,
3604,1/25/2023,,11.0431,,,
3603,1/24/2023,,11.0412,,,
3602,1/23/2023,,11.0446,,,
3601,1/20/2023,,11.0449,,,
3600,1/18/2023,,11.0432,,,
3599,1/17/2023,,11.0413,,,
3598,1/16/2023,,11.0447,,,
3597,1/13/2023,,11.0450,,,
3596,1/12/2023,,11.0450,,,
3595,1/11/2023,,11.0432,,,
3594,1/10/2023,,11.0413,,,
3593,1/9/2023,,11.0447,,,
3592,1/6/2023,,11.0450,,,
3591,1/5/2023,,11.0450,,,
3590,1/4/2023,,11.0438,,,
3589,1/3/2023,,11.0420,,,
3588,12/30/2022,,11.0442,,,
3587,12/29/2022,,11.0452,,,
3586,12/28/2022,,11.0452,,,
3585,12/27/2022,,11.0434,,,
3584,12/26/2022,,11.0434,,,
3583,12/23/2022,,11.0452,,,
3582,12/22/2022,,11.0447,,,
3581,12/21/2022,,11.0420,,,
3580,12/20/2022,,11.0402,,,
3579,12/19/2022,,11.0383,,,
3578,12/16/2022,,11.0420,,,
3577,12/15/2022,,11.0420,,,
3576,12/14/2022,,11.0420,,,
3575,12/13/2022,,11.0402,,,
3574,12/12/2022,,11.0383,,,
3573,12/9/2022,,11.0420,,,
3572,12/8/2022,,11.0420,,,
3571,12/7/2022,,11.0420,,,
3570,12/6/2022,,11.0402,,,
3569,12/5/2022,,11.0383,,,
3568,12/2/2022,,11.0420,,,
3567,12/1/2022,,11.0420,,,
3566,11/30/2022,,11.0420,,,
3565,11/29/2022,,11.0402,,,
3564,11/28/2022,,11.0436,,,
3563,11/25/2022,,11.0439,,,
3562,11/24/2022,,11.0439,,,
3561,11/22/2022,,11.0424,,,
3560,11/21/2022,,11.0483,,,
3559,11/18/2022,,11.0486,,,
3558,11/17/2022,,11.0486,,,
3557,11/16/2022,,11.0469,,,
3556,11/15/2022,,11.0452,,,
3555,11/14/2022,,11.0434,,,
3554,11/11/2022,,11.0483,,,
3553,11/10/2022,,11.0483,,,
3552,11/9/2022,,11.0465,,,
3551,11/8/2022,,11.0448,,,
3550,11/7/2022,,11.0479,,,
3549,11/4/2022,,11.0483,,,
3548,11/3/2022,,11.0483,,,
3547,11/2/2022,,11.0465,,,
3546,11/1/2022,,11.0448,,,
3545,10/31/2022,,11.0431,,,
3544,10/28/2022,,11.0465,,,
3543,10/27/2022,,11.0465,,,
3542,10/26/2022,,11.0465,,,
3541,10/25/2022,,11.0448,,,
3540,10/24/2022,,11.0431,,,
3539,10/21/2022,,11.0465,,,
3538,10/20/2022,,11.0465,,,
3537,10/19/2022,,11.0465,,,
3536,10/18/2022,,11.0448,,,
3535,10/17/2022,,11.0431,,,
3534,10/13/2022,,11.0469,,,
3533,10/12/2022,,11.0435,,,
3532,10/11/2022,,11.0417,,,
3531,10/10/2022,,11.0398,,,
3530,10/7/2022,,11.0408,,,
3529,10/6/2022,,11.0408,,,
3528,10/5/2022,,11.0408,,,
3527,10/4/2022,,11.0389,,,
3526,10/3/2022,,11.0370,,,
3525,9/30/2022,,11.0427,,,
3524,9/29/2022,,11.0427,,,
3523,9/28/2022,,11.0408,,,
3522,9/27/2022,,11.0389,,,
3521,9/26/2022,,11.0424,,,
3520,9/23/2022,,11.0427,,,
3519,9/22/2022,,11.0434,,,
3518,9/21/2022,,11.0415,,,
3517,9/20/2022,,11.0396,,,
3516,9/19/2022,,11.0430,,,
3515,9/16/2022,,11.0434,,,
3514,9/15/2022,,11.0434,,,
3513,9/14/2022,,11.0415,,,
3512,9/13/2022,,11.0396,,,
3511,9/12/2022,,11.0463,,,
3510,9/9/2022,,11.0466,,,
3509,9/8/2022,,11.0492,,,
3508,9/7/2022,,11.0475,,,
3507,9/6/2022,,11.0458,,,
3506,9/5/2022,,11.0489,,,
3505,9/2/2022,,11.0492,,,
3504,9/1/2022,,11.0492,,,
3503,8/31/2022,,11.0475,,,
3502,8/30/2022,,11.0458,,,
3501,8/29/2022,,11.0489,,,
3500,8/26/2022,,11.0492,,,
3499,8/25/2022,,11.0492,,,
3498,8/24/2022,,11.0475,,,
3497,8/23/2022,,11.0458,,,
3496,8/22/2022,,11.0483,,,
3495,8/19/2022,,11.0486,,,
3494,8/18/2022,,11.0486,,,
3493,8/17/2022,,11.0469,,,
3492,8/16/2022,,11.0452,,,
3491,8/15/2022,,11.0483,,,
3490,8/12/2022,,11.0486,,,
3489,8/11/2022,,11.0486,,,
3488,8/10/2022,,11.0469,,,
3487,8/9/2022,,11.0452,,,
3486,8/8/2022,,11.0483,,,
3485,8/5/2022,,11.0479,,,
3484,8/4/2022,,11.0473,,,
3483,8/3/2022,,11.0455,,,
3482,8/2/2022,,11.0438,,,
3481,8/1/2022,,11.0470,,,
3480,7/29/2022,,11.0455,,,
3479,7/28/2022,,11.0455,,,
3478,7/27/2022,,11.0455,,,
3477,7/26/2022,,11.0438,,,
3476,7/25/2022,,11.0420,,,
3475,7/22/2022,,11.0455,,,
3474,7/21/2022,,11.0455,,,
3473,7/20/2022,,11.0455,,,
3472,7/19/2022,,11.0438,,,
3471,7/18/2022,,11.0420,,,
3470,7/15/2022,,11.0455,,,
3469,7/14/2022,,11.0455,,,
3468,7/13/2022,,11.0455,,,
3467,7/12/2022,,11.0438,,,
3466,7/11/2022,,11.0420,,,
3465,7/8/2022,,11.0455,,,
3464,7/7/2022,,11.0455,,,
3463,7/6/2022,,11.0459,,,
3462,7/5/2022,,11.0445,,,
3461,7/4/2022,,11.0434,,,
3460,7/1/2022,,11.0469,,,
3459,6/30/2022,,11.0486,,,
3458,6/29/2022,,11.0469,,,
3457,6/28/2022,,11.0452,,,
3456,6/27/2022,,11.0483,,,
3455,6/24/2022,,11.0485,,,
3454,6/23/2022,,11.0485,,,
3453,6/22/2022,,11.0468,,,
3452,6/21/2022,,11.0450,,,
3451,6/20/2022,,11.0481,,,
3450,6/17/2022,,11.0485,,,
3449,6/16/2022,,11.0485,,,
3448,6/15/2022,,11.0468,,,
3447,6/14/2022,,11.0450,,,
3446,6/13/2022,,11.0481,,,
3445,6/10/2022,,11.0292,,,
3444,6/9/2022,,11.0268,,,
3443,6/8/2022,,11.0244,,,
3442,6/7/2022,,11.0220,,,
3440,6/6/2022,,11.0181,,,
3438,6/3/2022,,11.0184,,,
3437,6/2/2022,,11.0184,,,
3436,6/1/2022,,11.0157,,,
3435,5/31/2022,,11.0129,,,
3434,5/30/2022,,11.0101,,,
3433,5/27/2022,,11.0187,,,
3432,5/25/2022,,11.0162,,,
3431,5/24/2022,,11.0135,,,
3430,5/23/2022,,11.0106,,,
3429,5/20/2022,,11.0201,,,
3428,5/19/2022,,11.0218,,,
3427,5/18/2022,,11.0218,,,
3426,5/17/2022,,11.0192,,,
3425,5/16/2022,,11.0166,,,
3424,5/13/2022,,11.0097,,,
3423,5/11/2022,,11.0165,,,
3422,5/10/2022,,11.0218,,,
3421,5/6/2022,,11.0152,,,
3420,5/5/2022,,11.0152,,,
3419,5/4/2022,,11.0152,,,
3418,5/3/2022,,11.0124,,,
3417,5/2/2022,,11.0095,,,
3416,4/29/2022,,10.9779,,,
3415,4/28/2022,,10.9616,,,
3414,4/27/2022,,10.9560,,,
3413,4/26/2022,,10.9512,,,
3412,4/21/2022,,10.8475,,,
3411,4/20/2022,,10.8371,,,
3410,4/19/2022,,10.8265,,,
3409,4/18/2022,,10.7948,,,
3408,4/15/2022,,10.7463,,,
3407,4/14/2022,,10.7342,,,
3406,4/13/2022,,10.7299,,,
3405,4/12/2022,,10.7205,,,
3404,4/11/2022,,10.6998,,,
3403,4/8/2022,,10.6734,,,
3402,4/7/2022,,10.6551,,,
3401,4/6/2022,,10.6404,,,
3400,4/5/2022,,10.6248,,,
3399,4/4/2022,,10.6079,,,
3398,4/1/2022,,10.5610,,,
3397,3/31/2022,,10.5489,,,
3396,3/30/2022,,10.5475,,,
3395,3/29/2022,,10.5462,,,
3394,3/28/2022,,10.5462,,,
3393,3/25/2022,,10.5462,,,
3392,3/24/2022,,10.5462,,,
3391,3/23/2022,,10.5462,,,
3390,3/22/2022,,10.5462,,,
3389,3/21/2022,,10.5462,,,
3388,3/18/2022,,10.5462,,,
3387,3/17/2022,,10.5462,,,
3386,3/16/2022,,10.5462,,,
3385,3/15/2022,,10.5462,,,
3384,3/14/2022,,10.5462,,,
3383,3/11/2022,,10.5440,,,
3382,3/10/2022,,10.5440,,,
3381,3/9/2022,,10.5440,,,
3380,3/7/2022,,10.5434,,,
3379,3/4/2022,,10.5413,,,
3378,3/2/2022,,10.5399,,,
3377,3/1/2022,,10.5396,,,
3376,2/28/2022,,10.5440,,,
3375,2/25/2022,,10.5443,,,
3374,2/24/2022,,10.5443,,,
3373,2/23/2022,,10.5427,,,
3372,2/22/2022,,10.5411,,,
3371,2/21/2022,,10.5440,,,
3370,2/18/2022,,10.5442,,,
3369,2/17/2022,,10.5442,,,
3368,2/16/2022,,10.5426,,,
3367,2/15/2022,,10.5410,,,
3366,2/14/2022,,10.5439,,,
3365,2/11/2022,,10.5442,,,
3364,2/10/2022,,10.5442,,,
3363,2/9/2022,,10.5426,,,
3362,2/8/2022,,10.5410,,,
3361,2/7/2022,,10.5395,,,
3360,2/4/2022,,10.5439,,,
3359,2/3/2022,,10.5439,,,
3358,2/2/2022,,10.5423,,,
3357,2/1/2022,,10.5407,,,
3356,1/31/2022,,10.5436,,,
3355,1/28/2022,,10.5439,,,
3354,1/27/2022,,10.5439,,,
3353,1/26/2022,,10.5423,,,
3352,1/25/2022,,10.5407,,,
3351,1/24/2022,,10.5436,,,
3350,1/21/2022,,10.5439,,,
3349,1/20/2022,,10.5439,,,
3348,1/18/2022,,10.5408,,,
3347,1/17/2022,,10.5437,,,
3346,1/14/2022,,10.5440,,,
3345,1/13/2022,,10.5440,,,
3344,1/12/2022,,10.5424,,,
3343,1/11/2022,,10.5408,,,
3342,1/10/2022,,10.5437,,,
3341,1/6/2022,,10.4811,,,
3340,1/5/2022,,10.4775,,,
3339,1/4/2022,,10.4737,,,
3338,1/3/2022,,10.4087,,,
3337,12/31/2021,,10.3663,,,
3336,12/30/2021,,10.3495,,,
3335,12/29/2021,,10.3327,,,
3334,12/28/2021,,10.3239,,,
3333,12/27/2021,,10.3147,,,
3332,12/24/2021,,10.2450,,,
3331,12/23/2021,,10.2333,,,
3330,12/22/2021,,10.2113,,,
3329,12/21/2021,,10.1984,,,
3328,12/20/2021,,10.1847,,,
3327,12/17/2021,,10.1273,,,
3326,12/16/2021,,10.1105,,,
3325,12/15/2021,,10.0937,,,
3324,12/14/2021,,10.0768,,,
3323,12/13/2021,,10.0588,,,
3322,12/10/2021,,10.0097,,,
3321,12/9/2021,,9.9933,,,
3320,12/8/2021,,9.9970,,,
3319,12/7/2021,,9.9994,,,
3318,12/6/2021,,10.0005,,,
3317,12/3/2021,,10.0299,,,
3316,12/2/2021,,10.0329,,,
3315,12/1/2021,,10.0329,,,
3314,11/30/2021,,10.0313,,,
3313,11/29/2021,,10.0343,,,
3312,11/26/2021,,10.0222,,,
3311,11/25/2021,,10.0222,,,
3310,11/24/2021,,10.0238,,,
3309,11/22/2021,,10.0256,,,
3308,11/19/2021,,10.0258,,,
3307,11/18/2021,,10.0258,,,
3306,11/17/2021,,10.0239,,,
3305,11/16/2021,,10.0220,,,
3304,11/15/2021,,10.0256,,,
3303,11/12/2021,,10.0257,,,
3302,11/11/2021,,10.0257,,,
3301,11/10/2021,,10.0238,,,
3300,11/9/2021,,10.0219,,,
3299,11/8/2021,,10.0274,,,
3298,11/5/2021,,10.0277,,,
3297,11/4/2021,,10.0277,,,
3296,11/3/2021,,10.0259,,,
3295,11/2/2021,,10.0240,,,
3294,11/1/2021,,10.0274,,,
3293,10/29/2021,,10.0262,,,
3292,10/28/2021,,10.0262,,,
3291,10/27/2021,,10.0319,,,
3290,10/26/2021,,10.0376,,,
3289,10/25/2021,,10.0362,,,
3288,10/22/2021,,10.0390,,,
3287,10/21/2021,,10.0390,,,
3286,10/20/2021,,10.0390,,,
3285,10/19/2021,,10.0376,,,
3284,10/18/2021,,10.0362,,,
3283,10/15/2021,,10.0390,,,
3282,10/13/2021,,10.0394,,,
3281,10/12/2021,,10.0380,,,
3280,10/11/2021,,10.0366,,,
3279,10/8/2021,,10.0394,,,
3278,10/7/2021,,10.0394,,,
3277,10/6/2021,,10.0394,,,
3276,10/5/2021,,10.0380,,,
3275,10/4/2021,,10.0366,,,
3274,10/1/2021,,10.0394,,,
3273,9/30/2021,,10.0408,,,
3272,9/29/2021,,10.0391,,,
3271,9/28/2021,,10.0377,,,
3270,9/27/2021,,10.0402,,,
3269,9/24/2021,,10.0405,,,
3268,9/23/2021,,10.0405,,,
3267,9/22/2021,,10.0391,,,
3266,9/21/2021,,10.0377,,,
3265,9/20/2021,,10.0402,,,
3264,9/17/2021,,10.0405,,,
3263,9/16/2021,,10.0405,,,
3262,9/15/2021,,10.0391,,,
3261,9/14/2021,,10.0377,,,
3260,9/13/2021,,10.0399,,,
3259,9/10/2021,,10.0401,,,
3258,9/9/2021,,10.0401,,,
3257,9/8/2021,,10.0387,,,
3256,9/7/2021,,10.0373,,,
3255,9/6/2021,,10.0399,,,
3254,9/3/2021,,10.0086,,,
3253,9/2/2021,,9.9927,,,
3252,9/1/2021,,9.9897,,,
3251,8/31/2021,,9.9866,,,
3250,8/30/2021,,9.9456,,,
3249,8/27/2021,,9.8980,,,
3248,8/26/2021,,9.8821,,,
3246,8/25/2021,,9.8755,,,
3245,8/24/2021,,9.8685,,,
3244,8/23/2021,,9.8341,,,
3243,8/20/2021,,9.7865,,,
3242,8/19/2021,,9.7716,,,
3241,8/18/2021,,9.7613,,,
3240,8/17/2021,,9.7504,,,
3239,8/16/2021,,9.7225,,,
3238,8/13/2021,,9.6740,,,
3237,8/12/2021,,9.6578,,,
3236,8/11/2021,,9.6437,,,
3235,8/10/2021,,9.6288,,,
3234,8/9/2021,,9.6088,,,
3233,8/6/2021,,9.5603,,,
3232,8/5/2021,,9.5440,,,
3231,8/4/2021,,9.5430,,,
3230,8/3/2021,,9.5410,,,
3229,8/2/2021,,9.5425,,,
3228,7/30/2021,,9.5396,,,
3227,7/29/2021,,9.5393,,,
3226,7/28/2021,,9.5390,,,
3225,7/27/2021,,9.5375,,,
3224,7/26/2021,,9.5360,,,
3223,7/23/2021,,9.5376,,,
3222,7/22/2021,,9.5383,,,
3221,7/21/2021,,9.5383,,,
3219,7/20/2021,,9.5361,,,
3218,7/19/2021,,9.5335,,,
3217,7/16/2021,,9.5360,,,
3216,7/15/2021,,9.5360,,,
3215,7/14/2021,,9.5360,,,
3214,7/13/2021,,9.5347,,,
3213,7/12/2021,,9.5335,,,
3212,7/9/2021,,9.5383,,,
3211,7/8/2021,,9.5386,,,
3210,7/7/2021,,9.5386,,,
3209,7/6/2021,,9.5375,,,
3208,7/5/2021,,9.5363,,,
3207,7/2/2021,,9.5386,,,
3205,7/1/2021,,9.5386,,,
3206,6/30/2021,,9.5386,,,
3204,6/29/2021,,9.5375,,,
1648,6/28/2021,,9.5396,,,
1134,6/25/2021,,9.5397,,,
1133,6/24/2021,,9.5400,,,
1132,6/23/2021,,9.5386,,,
1131,6/22/2021,,9.5367,,,
1130,6/21/2021,,9.5398,,,
1129,6/18/2021,,9.5407,,,
1128,6/17/2021,,9.5413,,,
1127,6/16/2021,,9.5402,,,
1126,6/15/2021,,9.5391,,,
1135,6/14/2021,,9.5421,,,
1125,6/11/2021,,9.5422,,,
1123,6/10/2021,,9.5409,,,
1122,6/9/2021,,9.5388,,,
1121,6/8/2021,,9.5373,,,
1120,6/7/2021,,9.5394,,,
1119,6/4/2021,,9.5396,,,
1118,6/3/2021,,9.5385,,,
1117,6/2/2021,,9.5373,,,
1116,6/1/2021,,9.5362,,,
1115,5/31/2021,,9.5350,,,
1124,5/28/2021,,9.5043,,,
1136,5/27/2021,,9.4707,,,
1137,5/25/2021,,9.4326,,,
1138,5/24/2021,,9.4274,,,
1159,5/21/2021,,9.2680,,,
1158,5/20/2021,,9.2341,,,
1157,5/19/2021,,9.2002,,,
1156,5/18/2021,,9.1875,,,
1155,5/17/2021,,9.1732,,,
1154,5/14/2021,,9.0320,,,
1153,5/13/2021,,8.9991,,,
1152,5/11/2021,,8.9470,,,
1151,5/10/2021,,8.9249,,,
1150,5/7/2021,,8.8101,,,
1149,5/6/2021,,8.7785,,,
1148,5/5/2021,,8.7460,,,
1147,5/4/2021,,8.7177,,,
1146,4/29/2021,,8.5460,,,
1145,4/28/2021,,8.5455,,,
1144,4/27/2021,,8.5451,,,
1143,4/26/2021,,8.5458,,,
1142,4/23/2021,,8.5460,,,
1141,4/22/2021,,8.5460,,,
1140,4/21/2021,,8.5455,,,
1139,4/20/2021,,8.5451,,,
1114,4/19/2021,,8.5458,,,
1113,4/16/2021,,8.5135,,,
1112,4/15/2021,,8.4963,,,
1088,4/14/2021,,8.4939,,,
1086,4/13/2021,,8.4910,,,
1085,4/12/2021,,8.4445,,,
1084,4/8/2021,,8.3827,,,
1083,4/7/2021,,8.3743,,,
1082,4/6/2021,,8.3657,,,
1081,4/5/2021,,8.3179,,,
1080,4/2/2021,,8.2693,,,
1079,4/1/2021,,8.2527,,,
1078,3/31/2021,,8.2426,,,
1087,3/30/2021,,8.2318,,,
1077,3/29/2021,,8.2203,,,
1075,3/26/2021,,8.1664,,,
1074,3/25/2021,,8.1484,,,
1073,3/24/2021,,8.1305,,,
1072,3/23/2021,,8.1125,,,
1071,3/22/2021,,8.0945,,,
1070,3/19/2021,,8.0407,,,
1069,3/18/2021,,8.0227,,,
1068,3/17/2021,,8.0227,,,
1067,3/16/2021,,8.0227,,,
1076,3/15/2021,,8.0227,,,
1089,3/12/2021,,8.0227,,,
1100,3/11/2021,,8.0227,,,
1090,3/10/2021,,8.0227,,,
1110,3/9/2021,,8.0227,,,
1109,3/5/2021,,8.0229,,,
1108,3/4/2021,,8.0229,,,
1107,3/2/2021,,8.0230,,,
1106,3/1/2021,,8.0230,,,
1105,2/26/2021,,8.0257,,,
1104,2/25/2021,,8.0257,,,
1103,2/24/2021,,8.0248,,,
1102,2/23/2021,,8.0239,,,
1111,2/22/2021,,8.0255,,,
1101,2/19/2021,,8.0248,,,
1099,2/18/2021,,8.0256,,,
1098,2/17/2021,,8.0247,,,
1097,2/16/2021,,8.0238,,,
1096,2/15/2021,,8.0264,,,
1095,2/12/2021,,8.0266,,,
1094,2/11/2021,,8.0266,,,
1093,2/10/2021,,8.0257,,,
1092,2/9/2021,,8.0248,,,
1091,2/8/2021,,8.0264,,,
1160,2/5/2021,,8.0265,,,
1161,2/4/2021,,8.0265,,,
1162,2/3/2021,,8.0257,,,
1163,2/2/2021,,8.0248,,,
1232,2/1/2021,,8.0239,,,
1231,1/29/2021,,8.0264,,,
1230,1/28/2021,,8.0264,,,
1229,1/27/2021,,8.0255,,,
1228,1/26/2021,,8.0246,,,
1227,1/25/2021,,8.0262,,,
1226,1/22/2021,,8.0264,,,
1225,1/21/2021,,8.0264,,,
1224,1/20/2021,,8.0255,,,
1233,1/18/2021,,8.0262,,,
1223,1/15/2021,,8.0254,,,
1221,1/14/2021,,8.0254,,,
1220,1/13/2021,,8.0245,,,
1219,1/12/2021,,8.0236,,,
1218,1/11/2021,,8.0253,,,
1217,1/8/2021,,8.0258,,,
1216,1/6/2021,,8.0249,,,
1215,1/5/2021,,8.0240,,,
1214,1/4/2021,,8.0296,,,
1213,12/31/2020,,8.0321,,,
1222,12/30/2020,,8.0338,,,
1234,12/29/2020,,8.0332,,,
1235,12/28/2020,,8.0327,,,
1236,12/25/2020,,8.0365,,,
1257,12/24/2020,,8.0372,,,
1256,12/23/2020,,8.0367,,,
1255,12/22/2020,,8.0363,,,
1254,12/21/2020,,8.0358,,,
1253,12/18/2020,,8.0410,,,
1252,12/17/2020,,8.0420,,,
1251,12/16/2020,,8.0427,,,
1250,12/15/2020,,8.0424,,,
1249,12/14/2020,,8.0422,,,
1248,12/11/2020,,8.0451,,,
1247,12/10/2020,,8.0464,,,
1246,12/9/2020,,8.0477,,,
1245,12/8/2020,,8.0476,,,
1244,12/7/2020,,8.0476,,,
1243,12/4/2020,,8.0484,,,
1242,12/3/2020,,8.0501,,,
1241,12/2/2020,,8.0514,,,
1240,12/1/2020,,8.0501,,,
1239,11/30/2020,,8.0552,,,
1238,11/27/2020,,8.0612,,,
1237,11/26/2020,,8.0615,,,
1212,11/25/2020,,8.0612,,,
1258,11/24/2020,,8.0608,,,
1211,11/20/2020,,8.0617,,,
1209,11/19/2020,,8.0611,,,
1183,11/18/2020,,8.0607,,,
1182,11/17/2020,,8.0599,,,
1181,11/16/2020,,8.0586,,,
1180,11/13/2020,,8.0587,,,
1179,11/12/2020,,8.0574,,,
1178,11/11/2020,,8.0566,,,
1177,11/10/2020,,8.0554,,,
1176,11/9/2020,,8.0534,,,
1175,11/6/2020,,8.0535,,,
1184,11/5/2020,,8.0513,,,
1174,11/4/2020,,8.0489,,,
1172,11/3/2020,,8.0464,,,
1171,11/2/2020,,8.0452,,,
1170,10/30/2020,,8.0408,,,
1169,10/29/2020,,8.0391,,,
1168,10/28/2020,,8.0371,,,
1167,10/27/2020,,8.0342,,,
1166,10/26/2020,,8.0322,,,
1165,10/23/2020,,8.0341,,,
1164,10/22/2020,,8.0338,,,
1173,10/21/2020,,8.0338,,,
1185,10/20/2020,,8.0325,,,
1186,10/19/2020,,8.0319,,,
1187,10/16/2020,,8.0331,,,
1208,10/15/2020,,8.0331,,,
1207,10/13/2020,,8.0329,,,
1206,10/12/2020,,8.0323,,,
1205,10/9/2020,,8.0352,,,
1204,10/8/2020,,8.0352,,,
1203,10/7/2020,,8.0355,,,
1202,10/6/2020,,8.0350,,,
1201,10/5/2020,,8.0345,,,
1200,10/2/2020,,8.0358,,,
1199,10/1/2020,,8.0355,,,
1198,9/30/2020,,8.0348,,,
1197,9/29/2020,,8.0339,,,
1196,9/28/2020,,8.0327,,,
1195,9/25/2020,,8.0323,,,
1194,9/24/2020,,8.0313,,,
1193,9/23/2020,,8.0300,,,
1192,9/22/2020,,8.0292,,,
1191,9/21/2020,,8.0305,,,
1190,9/18/2020,,8.0307,,,
1189,9/17/2020,,8.0307,,,
1188,9/16/2020,,8.0300,,,
1066,9/15/2020,,8.0292,,,
1065,9/14/2020,,8.0302,,,
1064,9/11/2020,,8.0294,,,
967,9/10/2020,,8.0291,,,
940,9/9/2020,,8.0279,,,
939,9/8/2020,,8.0272,,,
938,9/7/2020,,8.0283,,,
937,9/4/2020,,8.0434,,,
936,9/3/2020,,8.0518,,,
935,9/2/2020,,8.0514,,,
934,9/1/2020,,8.0507,,,
933,8/31/2020,,8.0750,,,
932,8/27/2020,,8.1094,,,
941,8/26/2020,,8.1113,,,
931,8/25/2020,,8.1134,,,
929,8/24/2020,,8.1336,,,
928,8/21/2020,,8.1581,,,
927,8/20/2020,,8.1663,,,
926,8/19/2020,,8.1700,,,
925,8/18/2020,,8.1741,,,
924,8/17/2020,,8.1904,,,
923,8/14/2020,,8.2153,,,
922,8/13/2020,,8.2224,,,
921,8/12/2020,,8.2280,,,
930,8/11/2020,,8.2341,,,
942,8/10/2020,,8.2495,,,
943,8/7/2020,,8.2757,,,
944,8/6/2020,,8.2848,,,
965,8/5/2020,,8.2841,,,
964,8/4/2020,,8.2837,,,
963,8/3/2020,,8.2856,,,
962,7/31/2020,,8.2847,,,
961,7/30/2020,,8.2847,,,
960,7/29/2020,,8.2847,,,
959,7/28/2020,,8.2837,,,
958,7/27/2020,,8.2823,,,
957,7/24/2020,,8.2988,,,
956,7/23/2020,,8.3072,,,
955,7/22/2020,,8.3156,,,
954,7/21/2020,,8.3160,,,
953,7/20/2020,,8.3165,,,
952,7/17/2020,,8.3572,,,
951,7/16/2020,,8.3656,,,
950,7/15/2020,,8.3733,,,
949,7/14/2020,,8.3753,,,
948,7/13/2020,,8.3790,,,
947,7/10/2020,,8.4079,,,
946,7/9/2020,,8.4129,,,
945,7/8/2020,,8.4206,,,
920,7/7/2020,,8.4242,,,
919,7/6/2020,,8.4275,,,
918,7/3/2020,,8.4602,,,
894,7/2/2020,,8.4679,,,
892,7/1/2020,,8.4763,,,
891,6/30/2020,,8.4818,,,
890,6/29/2020,,8.5148,,,
889,6/26/2020,,8.5176,,,
888,6/25/2020,,8.5208,,,
887,6/24/2020,,8.5195,,,
886,6/23/2020,,8.5182,,,
885,6/22/2020,,8.5216,,,
884,6/19/2020,,8.5247,,,
893,6/18/2020,,8.5263,,,
883,6/17/2020,,8.5252,,,
881,6/16/2020,,8.5241,,,
880,6/15/2020,,8.5307,,,
879,6/12/2020,,8.5349,,,
878,6/11/2020,,8.5380,,,
877,6/10/2020,,8.5372,,,
876,6/9/2020,,8.5393,,,
875,6/8/2020,,8.5423,,,
874,6/5/2020,,8.5448,,,
873,6/4/2020,,8.5454,,,
882,6/3/2020,,8.5449,,,
895,6/2/2020,,8.5445,,,
906,6/1/2020,,8.5482,,,
896,5/29/2020,,8.5705,,,
916,5/28/2020,,8.5903,,,
915,5/27/2020,,8.6094,,,
914,5/25/2020,,8.6139,,,
913,5/22/2020,,8.7064,,,
912,5/21/2020,,8.7272,,,
911,5/20/2020,,8.7320,,,
910,5/19/2020,,8.7372,,,
909,5/18/2020,,8.7424,,,
908,5/15/2020,,8.8482,,,
917,5/14/2020,,8.8656,,,
907,5/13/2020,,8.8834,,,
905,5/11/2020,,8.9052,,,
904,5/8/2020,,8.9740,,,
903,5/7/2020,,8.9935,,,
902,5/6/2020,,9.0116,,,
901,5/5/2020,,9.0261,,,
900,5/4/2020,,9.0421,,,
899,5/1/2020,,9.1032,,,
898,4/30/2020,,9.1151,,,
897,4/29/2020,,9.1214,,,
966,4/28/2020,,9.1202,,,
968,4/27/2020,,9.1230,,,
1063,4/24/2020,,9.1232,,,
969,4/23/2020,,9.1219,,,
1037,4/22/2020,,9.1231,,,
1036,4/21/2020,,9.1198,,,
1035,4/16/2020,,9.1078,,,
1034,4/15/2020,,9.1078,,,
1033,4/14/2020,,9.1079,,,
1032,4/13/2020,,9.1086,,,
1031,4/10/2020,,9.1075,,,
1030,4/8/2020,,9.1035,,,
1029,4/7/2020,,9.1021,,,
1038,4/6/2020,,9.0999,,,
1028,4/3/2020,,9.0961,,,
1026,4/2/2020,,9.0968,,,
1025,4/1/2020,,9.0930,,,
1024,3/31/2020,,9.0902,,,
1023,3/30/2020,,9.0865,,,
1022,3/27/2020,,9.0832,,,
1021,3/26/2020,,9.0815,,,
1020,3/25/2020,,9.0801,,,
1019,3/24/2020,,9.0777,,,
1018,3/23/2020,,9.0757,,,
1027,3/20/2020,,9.0655,,,
1039,3/19/2020,,9.0638,,,
1040,3/18/2020,,9.0628,,,
1041,3/17/2020,,9.0621,,,
1062,3/16/2020,,9.0606,,,
1061,3/13/2020,,9.0583,,,
1060,3/12/2020,,9.0572,,,
1059,3/11/2020,,9.0579,,,
1058,3/10/2020,,9.0583,,,
1057,3/9/2020,,9.0574,,,
1056,3/6/2020,,9.0593,,,
1055,3/5/2020,,9.0596,,,
1054,3/4/2020,,9.0610,,,
1053,3/2/2020,,9.0603,,,
1052,2/28/2020,,9.0669,,,
1051,2/27/2020,,9.0666,,,
1050,2/26/2020,,9.0649,,,
1049,2/25/2020,,9.0632,,,
1048,2/24/2020,,9.0677,,,
1047,2/21/2020,,9.0718,,,
1046,2/20/2020,,9.0731,,,
1045,2/19/2020,,9.0733,,,
1044,2/18/2020,,9.0729,,,
1043,2/17/2020,,9.0800,,,
1042,2/14/2020,,9.0842,,,
1017,2/13/2020,,9.0868,,,
1016,2/12/2020,,9.0871,,,
1015,2/11/2020,,9.0865,,,
991,2/10/2020,,9.0917,,,
989,2/7/2020,,9.0968,,,
988,2/6/2020,,9.1033,,,
987,2/5/2020,,9.1031,,,
986,2/4/2020,,9.1030,,,
985,2/3/2020,,9.1105,,,
984,1/31/2020,,9.1222,,,
983,1/30/2020,,9.1245,,,
982,1/29/2020,,9.1247,,,
981,1/28/2020,,9.1226,,,
990,1/27/2020,,9.1262,,,
980,1/24/2020,,9.1307,,,
978,1/23/2020,,9.1326,,,
977,1/22/2020,,9.1338,,,
976,1/21/2020,,9.1337,,,
975,1/20/2020,,9.1438,,,
974,1/17/2020,,9.1407,,,
973,1/16/2020,,9.1411,,,
972,1/15/2020,,9.1415,,,
971,1/14/2020,,9.1417,,,
970,1/13/2020,,9.1402,,,
979,1/10/2020,,9.1066,,,
992,1/9/2020,,9.0900,,,
1003,1/8/2020,,9.0858,,,
993,1/6/2020,,9.0321,,,
1013,1/3/2020,,8.9767,,,
1012,12/31/2019,,8.9386,,,
1011,12/30/2019,,8.9298,,,
1010,12/27/2019,,8.8515,,,
1009,12/26/2019,,8.8320,,,
1008,12/25/2019,,8.8142,,,
1007,12/24/2019,,8.8021,,,
1006,12/23/2019,,8.7890,,,
1005,12/20/2019,,8.7186,,,
1014,12/19/2019,,8.7011,,,
1004,12/18/2019,,8.6833,,,
1002,12/17/2019,,8.6689,,,
1001,12/16/2019,,8.6528,,,
1000,12/13/2019,,8.5911,,,
999,12/12/2019,,8.5739,,,
998,12/11/2019,,8.5696,,,
997,12/10/2019,,8.5679,,,
996,12/9/2019,,8.5665,,,
995,12/6/2019,,8.5609,,,
994,12/5/2019,,8.5595,,,
1210,12/4/2019,,8.5575,,,
1260,12/3/2019,,8.5551,,,
1599,12/2/2019,,8.5532,,,
1261,11/29/2019,,8.5391,,,
1523,11/28/2019,,8.5306,,,
1522,11/27/2019,,8.5283,,,
1521,11/26/2019,,8.5266,,,
1520,11/25/2019,,8.5074,,,
1519,11/22/2019,,8.4400,,,
1518,11/21/2019,,8.4059,,,
1517,11/20/2019,,8.3981,,,
1516,11/19/2019,,8.3909,,,
1515,11/18/2019,,8.3089,,,
1524,11/15/2019,,8.2114,,,
1514,11/14/2019,,8.1998,,,
1512,11/13/2019,,8.1876,,,
1511,11/12/2019,,8.1745,,,
1510,11/11/2019,,8.0812,,,
1509,11/8/2019,,7.9840,,,
1508,11/7/2019,,7.9515,,,
1507,11/6/2019,,7.9314,,,
1506,11/5/2019,,7.9096,,,
1505,11/4/2019,,7.8536,,,
1504,11/1/2019,,7.7567,,,
1513,10/31/2019,,7.7302,,,
1525,10/30/2019,,7.7033,,,
1526,10/29/2019,,7.6807,,,
1527,10/28/2019,,7.6575,,,
1548,10/25/2019,,7.5541,,,
1547,10/24/2019,,7.5025,,,
1546,10/23/2019,,7.4841,,,
1545,10/22/2019,,7.4806,,,
1544,10/21/2019,,7.4773,,,
1543,10/18/2019,,7.3946,,,
1542,10/17/2019,,7.3775,,,
1541,10/16/2019,,7.3610,,,
1540,10/15/2019,,7.3544,,,
1539,10/11/2019,,7.2770,,,
1538,10/10/2019,,7.2603,,,
1537,10/9/2019,,7.2435,,,
1536,10/8/2019,,7.2332,,,
1535,10/7/2019,,7.2222,,,
1534,10/4/2019,,7.1440,,,
1533,10/3/2019,,7.1104,,,
1532,10/2/2019,,7.0766,,,
1531,10/1/2019,,7.0602,,,
1530,9/30/2019,,6.9939,,,
1529,9/27/2019,,6.8957,,,
1528,9/26/2019,,6.8629,,,
1503,9/25/2019,,6.8571,,,
1502,9/24/2019,,6.8508,,,
1501,9/23/2019,,6.8142,,,
1477,9/20/2019,,6.7637,,,
1475,9/19/2019,,6.7475,,,
1474,9/18/2019,,6.7371,,,
1473,9/17/2019,,6.7260,,,
1472,9/16/2019,,6.6968,,,
1471,9/13/2019,,6.6482,,,
1470,9/12/2019,,6.6320,,,
1469,9/11/2019,,6.6185,,,
1468,9/10/2019,,6.6041,,,
1467,9/9/2019,,6.5833,,,
1476,9/6/2019,,6.5347,,,
1466,9/5/2019,,6.5156,,,
1464,9/4/2019,,6.5140,,,
1463,9/3/2019,,6.5129,,,
1462,9/2/2019,,6.5139,,,
1461,8/30/2019,,6.5094,,,
1460,8/29/2019,,6.5094,,,
1459,8/27/2019,,6.5078,,,
1458,8/26/2019,,6.5094,,,
1457,8/23/2019,,6.5095,,,
1456,8/22/2019,,6.5095,,,
1465,8/21/2019,,6.5086,,,
1478,8/20/2019,,6.5078,,,
1489,8/19/2019,,6.5094,,,
1479,8/16/2019,,6.5095,,,
1499,8/15/2019,,6.5095,,,
1498,8/14/2019,,6.5086,,,
1497,8/13/2019,,6.5078,,,
1496,8/12/2019,,6.5094,,,
1495,8/9/2019,,6.5095,,,
1494,8/8/2019,,6.5095,,,
1493,8/7/2019,,6.5086,,,
1492,8/6/2019,,6.5078,,,
1491,8/5/2019,,6.5123,,,
1500,8/2/2019,,6.5124,,,
1490,8/1/2019,,6.5169,,,
1488,7/31/2019,,6.5163,,,
1487,7/30/2019,,6.5158,,,
1486,7/29/2019,,6.5152,,,
1485,7/26/2019,,6.5167,,,
1484,7/25/2019,,6.5153,,,
1483,7/24/2019,,6.5143,,,
1482,7/23/2019,,6.5137,,,
1481,7/22/2019,,6.5130,,,
1480,7/19/2019,,6.5103,,,
1549,7/18/2019,,6.5107,,,
1550,7/17/2019,,6.5107,,,
1551,7/16/2019,,6.5099,,,
1552,7/15/2019,,6.5091,,,
1621,7/12/2019,,6.5107,,,
1620,7/11/2019,,6.5107,,,
1619,7/10/2019,,6.5110,,,
1618,7/9/2019,,6.5102,,,
1617,7/8/2019,,6.5094,,,
1616,7/5/2019,,6.5110,,,
1615,7/4/2019,,6.5110,,,
1614,7/3/2019,,6.5110,,,
1613,7/2/2019,,6.5102,,,
1622,7/1/2019,,6.5094,,,
1612,6/28/2019,,6.4790,,,
1610,6/27/2019,,6.4634,,,
1609,6/26/2019,,6.4621,,,
1608,6/25/2019,,6.4610,,,
1607,6/24/2019,,6.4218,,,
1606,6/21/2019,,6.4239,,,
1605,6/20/2019,,6.4258,,,
1604,6/19/2019,,6.4222,,,
1603,6/18/2019,,6.4180,,,
1602,6/17/2019,,6.4254,,,
1611,6/14/2019,,6.4197,,,
1623,6/13/2019,,6.4177,,,
1624,6/12/2019,,6.4138,,,
1625,6/11/2019,,6.4097,,,
1646,6/10/2019,,6.4008,,,
1645,6/7/2019,,6.4008,,,
1644,6/6/2019,,6.4008,,,
1643,6/5/2019,,6.3964,,,
1642,6/4/2019,,6.3917,,,
1641,6/3/2019,,6.4017,,,
1640,5/31/2019,,6.3960,,,
1639,5/30/2019,,6.3913,,,
1638,5/29/2019,,6.4035,,,
1637,5/28/2019,,6.4215,,,
1636,5/27/2019,,6.4349,,,
1635,5/24/2019,,6.4906,,,
1634,5/23/2019,,6.4906,,,
1633,5/22/2019,,6.4906,,,
1632,5/21/2019,,6.4891,,,
1631,5/20/2019,,6.4876,,,
1630,5/17/2019,,6.4906,,,
1629,5/16/2019,,6.4906,,,
1628,5/15/2019,,6.4939,,,
1627,5/14/2019,,6.4953,,,
1626,5/13/2019,,6.4962,,,
1601,5/10/2019,,6.5157,,,
1647,5/8/2019,,6.5157,,,
1600,5/7/2019,,6.5151,,,
1598,5/6/2019,,6.5145,,,
1572,5/3/2019,,6.4983,,,
1571,5/2/2019,,6.4892,,,
1570,5/1/2019,,6.4781,,,
1569,4/30/2019,,6.4763,,,
1568,4/25/2019,,6.4384,,,
1567,4/24/2019,,6.4352,,,
1566,4/23/2019,,6.4319,,,
1565,4/22/2019,,6.4383,,,
1564,4/19/2019,,6.4384,,,
1573,4/18/2019,,6.4384,,,
1563,4/17/2019,,6.4352,,,
1561,4/16/2019,,6.4319,,,
1560,4/15/2019,,6.4403,,,
1559,4/12/2019,,6.4517,,,
1558,4/11/2019,,6.4598,,,
1557,4/10/2019,,6.4573,,,
1556,4/8/2019,,6.4520,,,
1555,4/5/2019,,6.5100,,,
1554,4/4/2019,,6.5197,,,
1553,4/3/2019,,6.5320,,,
1562,4/2/2019,,6.5409,,,
1574,4/1/2019,,6.5770,,,
1575,3/29/2019,,6.6097,,,
1576,3/28/2019,,6.6234,,,
1597,3/27/2019,,6.6377,,,
1596,3/26/2019,,6.6489,,,
1595,3/25/2019,,6.6639,,,
1594,3/22/2019,,6.6596,,,
1593,3/21/2019,,6.6600,,,
1592,3/20/2019,,6.6618,,,
1591,3/19/2019,,6.6553,,,
1590,3/18/2019,,6.6607,,,
1589,3/15/2019,,6.6769,,,
1588,3/14/2019,,6.6837,,,
1587,3/13/2019,,6.6837,,,
1586,3/12/2019,,,,,
1585,3/11/2019,,,,,
1584,3/7/2019,,,,,
1583,3/6/2019,,,,,
1582,3/5/2019,,,,,
1581,3/4/2019,,,,,
1580,3/1/2019,,,,,
1579,2/28/2019,,,,,
1578,2/27/2019,,,,,
1577,2/26/2019,,,,,
1455,2/25/2019,,,,,
1454,2/22/2019,,,,,
1453,2/21/2019,,,,,
1356,2/20/2019,,,,,
1329,2/19/2019,,,,,
1328,2/18/2019,,,,,
1327,2/15/2019,,,,,
1326,2/14/2019,,,,,
1325,2/13/2019,,,,,
1324,2/12/2019,,,,,
1323,2/11/2019,,,,,
1322,2/8/2019,,,,,
1321,2/7/2019,,,,,
1330,2/6/2019,,,,,
1320,2/5/2019,,,,,
1318,2/4/2019,,,,,
1317,2/1/2019,,,,,
1316,1/31/2019,,,,,
1315,1/30/2019,,,,,
1314,1/29/2019,,,,,
1313,1/28/2019,,,,,
1312,1/25/2019,,,,,
1311,1/24/2019,,,,,
1310,1/23/2019,,,,,
1319,1/22/2019,,,,,
1331,1/21/2019,,,,,
1332,1/18/2019,,,,,
1333,1/17/2019,,,,,
1354,1/16/2019,,,,,
1353,1/15/2019,,,,,
1352,1/14/2019,,,,,
1351,1/11/2019,,,,,
1350,1/10/2019,,,,,
1349,1/9/2019,,,,,
1348,1/8/2019,,,,,
1347,1/4/2019,,,,,
1346,1/3/2019,,,,,
1345,12/31/2018,,,,,
1344,12/28/2018,,,,,
1343,12/27/2018,,,,,
1342,12/26/2018,,,,,
1341,12/25/2018,,,,,
1340,12/24/2018,,,,,
1339,12/21/2018,,,,,
1338,12/20/2018,,,,,
1337,12/19/2018,,,,,
1336,12/18/2018,,,,,
1335,12/17/2018,,,,,
1334,12/14/2018,,,,,
1309,12/13/2018,,,,,
1308,12/12/2018,,,,,
1307,12/11/2018,,,,,
1283,12/10/2018,,,,,
1281,12/7/2018,,,,,
1280,12/6/2018,,,,,
1279,12/5/2018,,,,,
1278,12/4/2018,,,,,
1277,12/3/2018,,,,,
1276,11/30/2018,,,,,
1275,11/29/2018,,,,,
1274,11/27/2018,,,,,
1273,11/26/2018,,,,,
1282,11/22/2018,,,,,
1272,11/21/2018,,,,,
1270,11/20/2018,,,,,
1269,11/19/2018,,,,,
1268,11/16/2018,,,,,
1267,11/15/2018,,,,,
1266,11/14/2018,,,,,
1265,11/13/2018,,,,,
1264,11/12/2018,,,,,
1263,11/9/2018,,,,,
1262,11/8/2018,,,,,
1271,11/7/2018,,,,,
1284,11/6/2018,,,,,
1295,11/5/2018,,,,,
1285,11/2/2018,,,,,
1305,11/1/2018,,,,,
1304,10/31/2018,,,,,
1303,10/30/2018,,,,,
1302,10/29/2018,,,,,
1301,10/26/2018,,,,,
1300,10/25/2018,,,,,
1299,10/24/2018,,,,,
1298,10/23/2018,,,,,
1297,10/22/2018,,,,,
1306,10/19/2018,,,,,
1296,10/18/2018,,,,,
1294,10/17/2018,,,,,
1293,10/16/2018,,,,,
1292,10/15/2018,,,,,
1291,10/12/2018,,,,,
1290,10/11/2018,,,,,
1289,10/10/2018,,,,,
1288,10/9/2018,,,,,
1287,10/8/2018,,,,,
1286,10/5/2018,,,,,
1355,10/4/2018,,,,,
1357,10/3/2018,,,,,
1452,10/2/2018,,,,,
1358,10/1/2018,,,,,
1426,9/28/2018,,,,,
1425,9/27/2018,,,,,
1424,9/26/2018,,,,,
1423,9/25/2018,,,,,
1422,9/24/2018,,,,,
1421,9/21/2018,,,,,
1420,9/20/2018,,,,,
1419,9/19/2018,,,,,
1418,9/18/2018,,,,,
1427,9/17/2018,,,,,
1417,9/14/2018,,,,,
1415,9/13/2018,,,,,
1414,9/12/2018,,,,,
1413,9/11/2018,,,,,
1412,9/10/2018,,,,,
1411,9/7/2018,,,,,
1410,9/6/2018,,,,,
1409,9/5/2018,,,,,
1408,9/4/2018,,,,,
1407,9/3/2018,,,,,
1416,8/31/2018,,,,,
1428,8/30/2018,,,,,
1429,8/29/2018,,,,,
1430,8/27/2018,,,,,
1451,8/24/2018,,,,,
1450,8/23/2018,,,,,
1449,8/22/2018,,,,,
1448,8/21/2018,,,,,
1447,8/20/2018,,,,,
1446,8/17/2018,,,,,
1445,8/16/2018,,,,,
1444,8/15/2018,,,,,
1443,8/14/2018,,,,,
1442,8/13/2018,,,,,
1441,8/10/2018,,,,,
1440,8/9/2018,,,,,
1439,8/8/2018,,,,,
1438,8/7/2018,,,,,
1437,8/6/2018,,,,,
1436,8/3/2018,,,,,
1435,8/2/2018,,,,,
1434,8/1/2018,,,,,
1433,7/31/2018,,,,,
1432,7/30/2018,,,,,
1431,7/27/2018,,,,,
1406,7/26/2018,,,,,
1405,7/25/2018,,,,,
1404,7/24/2018,,,,,
1380,7/23/2018,,,,,
1378,7/20/2018,,,,,
1377,7/19/2018,,,,,
1376,7/18/2018,,,,,
1375,7/17/2018,,,,,
1374,7/16/2018,,,,,
1373,7/13/2018,,,,,
1372,7/12/2018,,,,,
1371,7/11/2018,,,,,
1370,7/10/2018,,,,,
1379,7/9/2018,,,,,
1369,7/6/2018,,,,,
1367,7/5/2018,,,,,
1366,7/4/2018,,,,,
1365,7/3/2018,,,,,
1364,7/2/2018,,,,,
1363,6/29/2018,,,,,
1362,6/28/2018,,,,,
1361,6/27/2018,,,,,
1360,6/26/2018,,,,,
1359,6/25/2018,,,,,
1368,6/22/2018,,,,,
1381,6/21/2018,,,,,
1392,6/20/2018,,,,,
1382,6/19/2018,,,,,
1402,6/18/2018,,,,,
1401,6/15/2018,,,,,
1400,6/14/2018,,,,,
1399,6/13/2018,,,,,
1398,6/12/2018,,,,,
1397,6/11/2018,,,,,
1396,6/8/2018,,,,,
1395,6/7/2018,,,,,
1394,6/6/2018,,,,,
1403,6/5/2018,,,,,
1393,6/4/2018,,,,,
1391,6/1/2018,,,,,
1390,5/31/2018,,,,,
1389,5/30/2018,,,,,
1388,5/29/2018,,,,,
1387,5/28/2018,,,,,
1386,5/25/2018,,,,,
1385,5/24/2018,,,,,
1384,5/23/2018,,,,,
1383,5/22/2018,,,,,
872,5/21/2018,,,,,
1259,5/18/2018,,,,,
871,5/16/2018,,,,,
481,5/15/2018,,,,,
356,5/14/2018,,,,,
355,5/11/2018,,,,,
354,5/10/2018,,,,,
353,5/8/2018,,,,,
352,5/7/2018,,,,,
351,5/4/2018,,,,,
350,5/2/2018,,,,,
349,5/1/2018,,,,,
348,4/30/2018,,,,,
357,4/27/2018,,,,,
347,4/26/2018,,,,,
345,4/25/2018,,,,,
344,4/24/2018,,,,,
343,4/23/2018,,,,,
342,4/20/2018,,,,,
341,4/19/2018,,,,,
340,4/18/2018,,,,,
339,4/17/2018,,,,,
338,4/16/2018,,,,,
337,4/13/2018,,,,,
346,4/12/2018,,,,,
358,4/11/2018,,,,,
359,4/10/2018,,,,,
360,4/5/2018,,,,,
381,4/4/2018,,,,,
380,4/3/2018,,,,,
379,4/2/2018,,,,,
378,3/30/2018,,,,,
377,3/29/2018,,,,,
376,3/28/2018,,,,,
375,3/27/2018,,,,,
374,3/26/2018,,,,,
373,3/23/2018,,,,,
372,3/22/2018,,,,,
371,3/21/2018,,,,,
370,3/20/2018,,,,,
369,3/19/2018,,,,,
368,3/16/2018,,,,,
367,3/15/2018,,,,,
366,3/14/2018,,,,,
365,3/13/2018,,,,,
364,3/12/2018,,,,,
363,3/9/2018,,,,,
362,3/7/2018,,,,,
361,3/6/2018,,,,,
336,3/5/2018,,,,,
335,3/2/2018,,,,,
334,3/1/2018,,,,,
310,2/28/2018,,,,,
308,2/27/2018,,,,,
307,2/26/2018,,,,,
306,2/23/2018,,,,,
305,2/22/2018,,,,,
304,2/21/2018,,,,,
303,2/20/2018,,,,,
302,2/19/2018,,,,,
301,2/16/2018,,,,,
300,2/15/2018,,,,,
309,2/14/2018,,,,,
299,2/13/2018,,,,,
297,2/12/2018,,,,,
296,2/9/2018,,,,,
295,2/8/2018,,,,,
294,2/7/2018,,,,,
293,2/6/2018,,,,,
292,2/5/2018,,,,,
291,2/2/2018,,,,,
290,2/1/2018,,,,,
289,1/31/2018,,,,,
298,1/30/2018,,,,,
311,1/29/2018,,,,,
322,1/26/2018,,,,,
312,1/25/2018,,,,,
332,1/24/2018,,,,,
331,1/23/2018,,,,,
330,1/22/2018,,,,,
329,1/18/2018,,,,,
328,1/17/2018,,,,,
327,1/16/2018,,,,,
326,1/15/2018,,,,,
325,1/12/2018,,,,,
324,1/11/2018,,,,,
333,1/10/2018,,,,,
323,1/9/2018,,,,,
321,1/8/2018,,,,,
320,1/5/2018,,,,,
319,1/4/2018,,,,,
318,1/3/2018,,,,,
